{
  "export_version": "0.064",
  "framed_nodes": {},
  "groups": {},
  "nodes": {
    "Line": {
      "bl_idname": "LineNode",
      "color": [
        0.0,
        0.5,
        0.5
      ],
      "height": 100.0,
      "hide": false,
      "label": "",
      "location": [
        -438.8159484863281,
        -80.4150161743164
      ],
      "params": {
        "Center": 0,
        "int_": 320,
        "step_": 0.05000000074505806
      },
      "width": 140.0
    },
    "Math": {
      "bl_idname": "ScalarMathNode",
      "color": [
        0.6079999804496765,
        0.6079999804496765,
        0.6079999804496765
      ],
      "height": 100.0,
      "hide": false,
      "label": "",
      "location": [
        2.9205703735351562,
        -67.30774688720703
      ],
      "params": {
        "items_": "SINE"
      },
      "width": 140.0
    },
    "Vector in.001": {
      "bl_idname": "GenVectorsNode",
      "color": [
        0.6079999804496765,
        0.6079999804496765,
        0.6079999804496765
      ],
      "height": 100.0,
      "hide": false,
      "label": "",
      "location": [
        217.9980010986328,
        28.787757873535156
      ],
      "params": {},
      "width": 100.0
    },
    "Vector out": {
      "bl_idname": "VectorsOutNode",
      "color": [
        0.6079999804496765,
        0.6079999804496765,
        0.6079999804496765
      ],
      "height": 100.0,
      "hide": false,
      "label": "",
      "location": [
        -207.822998046875,
        3.39793062210083
      ],
      "params": {},
      "width": 140.0
    },
    "Viewer Draw": {
      "bl_idname": "ViewerNode2",
      "color": [
        1.0,
        0.30000001192092896,
        0.0
      ],
      "height": 100.0,
      "hide": false,
      "label": "",
      "location": [
        389.2827453613281,
        -79.95658874511719
      ],
      "params": {
        "activate": 1,
        "vertex_size": 3.202000141143799
      },
      "width": 140.0
    }
  },
  "update_lists": [
    [
      "Line",
      "Vertices",
      "Vector out",
      "Vectors"
    ],
    [
      "Vector out",
      "X",
      "Math",
      "X"
    ],
    [
      "Vector out",
      "X",
      "Vector in.001",
      "X"
    ],
    [
      "Math",
      "float",
      "Vector in.001",
      "Z"
    ],
    [
      "Vector in.001",
      "Vectors",
      "Viewer Draw",
      "vertices"
    ],
    [
      "Line",
      "Edges",
      "Viewer Draw",
      "edg_pol"
    ]
  ]
}