{
  "export_version": "0.064",
  "framed_nodes": {},
  "groups": {
    "random_monad": "{\"export_version\": \"0.064\", \"bl_idname\": \"SverchGroupTreeType\", \"nodes\": {\"Group Inputs Exp\": {\"outputs\": [[\"Vectors\", \"VerticesSocket\"]], \"bl_idname\": \"SvGroupInputsNodeExp\", \"params\": {\"node_kind\": \"outputs\"}, \"label\": \"\", \"width\": 140.0, \"height\": 100.0, \"color\": [0.8308190107345581, 0.911391019821167, 0.7545620203018188], \"hide\": false, \"location\": [-1961.9542236328125, 63.07728576660156]}, \"Vector in.001\": {\"bl_idname\": \"GenVectorsNode\", \"params\": {\"x_\": 12.989800453186035, \"y_\": 78.23300170898438}, \"label\": \"\", \"width\": 143.200927734375, \"height\": 100.0, \"color\": [0.6079999804496765, 0.6079999804496765, 0.6079999804496765], \"hide\": false, \"location\": [-1456.716552734375, -8.163192749023438]}, \"Vector Math MK2\": {\"bl_idname\": \"SvVectorMathNodeMK2\", \"params\": {\"current_op\": \"DOT\"}, \"label\": \"\", \"width\": 140.0, \"height\": 100.0, \"color\": [0.6079999804496765, 0.6079999804496765, 0.6079999804496765], \"hide\": false, \"location\": [-1255.7607421875, 185.64187622070312]}, \"Group Outputs Exp\": {\"location\": [-448.7406005859375, 63.07728576660156], \"bl_idname\": \"SvGroupOutputsNodeExp\", \"params\": {\"node_kind\": \"inputs\"}, \"label\": \"\", \"width\": 140.0, \"height\": 100.0, \"color\": [0.8308190107345581, 0.911391019821167, 0.7545620203018188], \"hide\": false, \"inputs\": [[\"float\", \"StringsSocket\"]]}, \"Math.001\": {\"bl_idname\": \"ScalarMathNode\", \"params\": {\"items_\": \"MUL\", \"y\": 43758.546875}, \"label\": \"\", \"width\": 140.0, \"height\": 100.0, \"color\": [0.6079999804496765, 0.6079999804496765, 0.6079999804496765], \"hide\": false, \"location\": [-844.4468383789062, 7.88519287109375]}, \"Math.002\": {\"bl_idname\": \"ScalarMathNode\", \"params\": {\"items_\": \"MODULO\", \"y\": 1.0}, \"label\": \"\", \"width\": 140.0, \"height\": 100.0, \"color\": [0.6079999804496765, 0.6079999804496765, 0.6079999804496765], \"hide\": false, \"location\": [-628.7406005859375, -59.4873046875]}, \"Math\": {\"bl_idname\": \"ScalarMathNode\", \"params\": {\"x\": 1.0}, \"label\": \"\", \"width\": 140.0, \"height\": 100.0, \"color\": [0.6079999804496765, 0.6079999804496765, 0.6079999804496765], \"hide\": false, \"location\": [-1053.051513671875, 75.51968383789062]}, \"Vector in\": {\"bl_idname\": \"GenVectorsNode\", \"params\": {}, \"label\": \"\", \"width\": 100.0, \"height\": 100.0, \"color\": [1.0, 0.30000001192092896, 0.0], \"hide\": false, \"location\": [-1498.3924560546875, 150.6109619140625]}, \"Vector out\": {\"bl_idname\": \"VectorsOutNode\", \"params\": {}, \"label\": \"\", \"width\": 140.0, \"height\": 100.0, \"color\": [0.6079999804496765, 0.6079999804496765, 0.6079999804496765], \"hide\": false, \"location\": [-1751.9542236328125, 59.66606903076172]}}, \"framed_nodes\": {}, \"update_lists\": [[\"Group Inputs Exp\", \"Vectors\", \"Vector out\", \"Vectors\"], [\"Vector out\", \"X\", \"Vector in\", \"X\"], [\"Vector out\", \"Y\", \"Vector in\", \"Y\"], [\"Vector in\", \"Vectors\", \"Vector Math MK2\", \"A\"], [\"Vector in.001\", \"Vectors\", \"Vector Math MK2\", \"B\"], [\"Vector Math MK2\", \"Out\", \"Math\", \"X\"], [\"Math\", \"float\", \"Math.001\", \"X\"], [\"Math.001\", \"float\", \"Math.002\", \"X\"], [\"Math.002\", \"float\", \"Group Outputs Exp\", \"float\"]], \"groups\": {}, \"cls_bl_idname\": \"SvGroupNodeMonad001_140625791601946\"}"
  },
  "nodes": {
    "Monad.001": {
      "bl_idname": "SvMonadGenericNode",
      "color": [
        0.8308190107345581,
        0.911391019821167,
        0.7545620203018188
      ],
      "height": 100.0,
      "hide": false,
      "label": "",
      "location": [
        -1212.7232666015625,
        58.81047058105469
      ],
      "params": {
        "cls_dict": {
          "cls_bl_idname": "SvGroupNodeMonad001_140625791601946",
          "input_template": [
            [
              "Vectors",
              "VerticesSocket",
              {}
            ]
          ],
          "output_template": [
            [
              "float",
              "StringsSocket"
            ]
          ]
        },
        "monad": "random_monad"
      },
      "width": 181.527099609375
    }
  },
  "update_lists": []
}